"Taxon","sumFP","sumBL","Order","Genus"
"Acidaminococcales;Acidaminococcus",1,0,"Acidaminococcales","Acidaminococcus"
"Acidaminococcales;Phascolarctobacterium",2,2,"Acidaminococcales","Phascolarctobacterium"
"Acidimicrobiales;Actinomarinicola",1,3,"Acidimicrobiales","Actinomarinicola"
"Acidimicrobiales;Desertimonas",1,1,"Acidimicrobiales","Desertimonas"
"Acidimicrobiales;Ilumatobacter",6,5,"Acidimicrobiales","Ilumatobacter"
"Aeromonadales;Aeromonas",1,2,"Aeromonadales","Aeromonas"
"Aeromonadales;Pseudaeromonas",2,0,"Aeromonadales","Pseudaeromonas"
"Aeromonadales;Tolumonas",1,1,"Aeromonadales","Tolumonas"
"Alteromonadales;Agarivorans",0,1,"Alteromonadales","Agarivorans"
"Alteromonadales;Aliiglaciecola",1,0,"Alteromonadales","Aliiglaciecola"
"Alteromonadales;Catenovulum",0,1,"Alteromonadales","Catenovulum"
"Alteromonadales;Colwellia",18,17,"Alteromonadales","Colwellia"
"Alteromonadales;Echinimonas",1,0,"Alteromonadales","Echinimonas"
"Alteromonadales;Ferrimonas",1,0,"Alteromonadales","Ferrimonas"
"Alteromonadales;Moritella",2,1,"Alteromonadales","Moritella"
"Alteromonadales;Paraglaciecola",1,1,"Alteromonadales","Paraglaciecola"
"Alteromonadales;Paramoritella",1,1,"Alteromonadales","Paramoritella"
"Alteromonadales;Pseudoalteromonas",2,0,"Alteromonadales","Pseudoalteromonas"
"Alteromonadales;Psychrobium",4,2,"Alteromonadales","Psychrobium"
"Alteromonadales;Psychromonas",8,7,"Alteromonadales","Psychromonas"
"Alteromonadales;Psychrosphaera",0,1,"Alteromonadales","Psychrosphaera"
"Alteromonadales;Shewanella",5,0,"Alteromonadales","Shewanella"
"Alteromonadales;Thalassotalea",3,1,"Alteromonadales","Thalassotalea"
"Anaeroplasmatales;Anaeroplasma",1,0,"Anaeroplasmatales","Anaeroplasma"
"Arenicellales;Arenicella",5,4,"Arenicellales","Arenicella"
"Armatimonadales;Armatimonas/Armatimonadetes_gp1",1,1,"Armatimonadales","Armatimonas/Armatimonadetes_gp1"
"Atribacteria_genera_incertae_sedis;Atribacteria_genera_incertae_sedis",1,2,"Atribacteria_genera_incertae_sedis","Atribacteria_genera_incertae_sedis"
"BRC1_genera_incertae_sedis;BRC1_genera_incertae_sedis",1,0,"BRC1_genera_incertae_sedis","BRC1_genera_incertae_sedis"
"Bacillales;Gemella",1,0,"Bacillales","Gemella"
"Bacillales;Lysinibacillus",1,1,"Bacillales","Lysinibacillus"
"Bacillales;Paenibacillus",2,3,"Bacillales","Paenibacillus"
"Bacteriovoracales;Bacteriovorax",0,1,"Bacteriovoracales","Bacteriovorax"
"Bacteriovoracales;Halobacteriovorax",9,4,"Bacteriovoracales","Halobacteriovorax"
"Bacteroidales;Alistipes",6,5,"Bacteroidales","Alistipes"
"Bacteroidales;Ancylomarina",2,2,"Bacteroidales","Ancylomarina"
"Bacteroidales;Bacteroides",14,10,"Bacteroidales","Bacteroides"
"Bacteroidales;Barnesiella",2,2,"Bacteroidales","Barnesiella"
"Bacteroidales;Butyricimonas",0,1,"Bacteroidales","Butyricimonas"
"Bacteroidales;Carboxylicivirga",1,0,"Bacteroidales","Carboxylicivirga"
"Bacteroidales;Duncaniella",3,2,"Bacteroidales","Duncaniella"
"Bacteroidales;Fermentimonas",1,0,"Bacteroidales","Fermentimonas"
"Bacteroidales;Geofilum",1,0,"Bacteroidales","Geofilum"
"Bacteroidales;Labilibaculum",1,0,"Bacteroidales","Labilibaculum"
"Bacteroidales;Maribellus",1,0,"Bacteroidales","Maribellus"
"Bacteroidales;Odoribacter",2,3,"Bacteroidales","Odoribacter"
"Bacteroidales;Paludibacter",1,1,"Bacteroidales","Paludibacter"
"Bacteroidales;Parabacteroides",4,3,"Bacteroidales","Parabacteroides"
"Bacteroidales;Paramuribaculum",1,0,"Bacteroidales","Paramuribaculum"
"Bacteroidales;Petrimonas",2,0,"Bacteroidales","Petrimonas"
"Bacteroidales;Phocaeicola",19,12,"Bacteroidales","Phocaeicola"
"Bacteroidales;Prevotella",5,7,"Bacteroidales","Prevotella"
"Bacteroidales;Prevotellamassilia",3,0,"Bacteroidales","Prevotellamassilia"
"Bacteroidales;Prolixibacter",0,1,"Bacteroidales","Prolixibacter"
"Bacteroidales;Roseimarinus",1,0,"Bacteroidales","Roseimarinus"
"Bacteroidales;Saccharicrinis",2,0,"Bacteroidales","Saccharicrinis"
"Bdellovibrionales;Vampirovibrio",2,1,"Bdellovibrionales","Vampirovibrio"
"Betaproteobacteria_incertae_sedis;Casimicrobium",0,1,"Betaproteobacteria_incertae_sedis","Casimicrobium"
"Bifidobacteriales;Bifidobacterium",3,3,"Bifidobacteriales","Bifidobacterium"
"Bradymonadales;Bradymonas",1,0,"Bradymonadales","Bradymonas"
"Burkholderiales;Acidovorax",6,7,"Burkholderiales","Acidovorax"
"Burkholderiales;Aquabacterium",4,6,"Burkholderiales","Aquabacterium"
"Burkholderiales;Bordetella",4,2,"Burkholderiales","Bordetella"
"Burkholderiales;Castellaniella",0,1,"Burkholderiales","Castellaniella"
"Burkholderiales;Comamonas",2,4,"Burkholderiales","Comamonas"
"Burkholderiales;Curvibacter",1,1,"Burkholderiales","Curvibacter"
"Burkholderiales;Duganella",3,3,"Burkholderiales","Duganella"
"Burkholderiales;Herbaspirillum",2,2,"Burkholderiales","Herbaspirillum"
"Burkholderiales;Hydrogenophaga",10,8,"Burkholderiales","Hydrogenophaga"
"Burkholderiales;Hydromonas",2,0,"Burkholderiales","Hydromonas"
"Burkholderiales;Janthinobacterium",1,1,"Burkholderiales","Janthinobacterium"
"Burkholderiales;Malikia",1,2,"Burkholderiales","Malikia"
"Burkholderiales;Massilia",7,5,"Burkholderiales","Massilia"
"Burkholderiales;Noviherbaspirillum",2,0,"Burkholderiales","Noviherbaspirillum"
"Burkholderiales;Parasutterella",1,1,"Burkholderiales","Parasutterella"
"Burkholderiales;Pelomonas",1,0,"Burkholderiales","Pelomonas"
"Burkholderiales;Polaromonas",5,5,"Burkholderiales","Polaromonas"
"Burkholderiales;Polynucleobacter",16,15,"Burkholderiales","Polynucleobacter"
"Burkholderiales;Ralstonia",3,2,"Burkholderiales","Ralstonia"
"Burkholderiales;Rhizobacter",3,4,"Burkholderiales","Rhizobacter"
"Burkholderiales;Rhodoferax",2,1,"Burkholderiales","Rhodoferax"
"Burkholderiales;Simplicispira",2,2,"Burkholderiales","Simplicispira"
"Burkholderiales;Sphaerotilus",1,1,"Burkholderiales","Sphaerotilus"
"Burkholderiales;Tepidimonas",2,1,"Burkholderiales","Tepidimonas"
"Burkholderiales;Undibacterium",3,4,"Burkholderiales","Undibacterium"
"Burkholderiales;Variovorax",2,0,"Burkholderiales","Variovorax"
"Campylobacterales;Aliarcobacter",2,2,"Campylobacterales","Aliarcobacter"
"Campylobacterales;Poseidonibacter",3,3,"Campylobacterales","Poseidonibacter"
"Campylobacterales;Pseudarcobacter",3,4,"Campylobacterales","Pseudarcobacter"
"Campylobacterales;Sulfurovum",2,1,"Campylobacterales","Sulfurovum"
"Candidatus Cloacamonas;Candidatus Cloacamonas",2,0,"Candidatus Cloacamonas","Candidatus Cloacamonas"
"Candidatus Hydrogenedens;Candidatus Hydrogenedens",5,4,"Candidatus Hydrogenedens","Candidatus Hydrogenedens"
"Caulobacterales;Algimonas",1,1,"Caulobacterales","Algimonas"
"Caulobacterales;Asprobacter",1,1,"Caulobacterales","Asprobacter"
"Caulobacterales;Brevundimonas",1,0,"Caulobacterales","Brevundimonas"
"Caulobacterales;Caulobacter",2,3,"Caulobacterales","Caulobacter"
"Caulobacterales;Hellea",1,1,"Caulobacterales","Hellea"
"Caulobacterales;Phenylobacterium",4,1,"Caulobacterales","Phenylobacterium"
"Cellvibrionales;Cellvibrio",1,1,"Cellvibrionales","Cellvibrio"
"Cellvibrionales;Eionea",2,2,"Cellvibrionales","Eionea"
"Cellvibrionales;Haliea",1,1,"Cellvibrionales","Haliea"
"Cellvibrionales;Halioglobus",2,1,"Cellvibrionales","Halioglobus"
"Cellvibrionales;Luminiphilus",10,8,"Cellvibrionales","Luminiphilus"
"Cellvibrionales;Marimicrobium",5,3,"Cellvibrionales","Marimicrobium"
"Cellvibrionales;Microbulbifer",1,0,"Cellvibrionales","Microbulbifer"
"Cellvibrionales;Oceanicoccus",2,2,"Cellvibrionales","Oceanicoccus"
"Cellvibrionales;Porticoccus",3,1,"Cellvibrionales","Porticoccus"
"Chitinophagales;Ferruginibacter",3,6,"Chitinophagales","Ferruginibacter"
"Chitinophagales;Flavitalea",2,2,"Chitinophagales","Flavitalea"
"Chitinophagales;Niastella",1,0,"Chitinophagales","Niastella"
"Chitinophagales;Panacibacter",1,0,"Chitinophagales","Panacibacter"
"Chitinophagales;Sediminibacterium",7,10,"Chitinophagales","Sediminibacterium"
"Chitinophagales;Taibaiella",1,0,"Chitinophagales","Taibaiella"
"Chitinophagales;Terrimonas",1,0,"Chitinophagales","Terrimonas"
"Chloroplast;Bacillariophyta",123,126,"Chloroplast","Bacillariophyta"
"Chloroplast;Chlorophyta",10,10,"Chloroplast","Chlorophyta"
"Chloroplast;Cryptomonadaceae",11,13,"Chloroplast","Cryptomonadaceae"
"Chloroplast;Euglenida",1,0,"Chloroplast","Euglenida"
"Chloroplast;Streptophyta",1,1,"Chloroplast","Streptophyta"
"Chromatiales;Granulosicoccus",2,0,"Chromatiales","Granulosicoccus"
"Chromatiales;Wenzhouxiangella",1,0,"Chromatiales","Wenzhouxiangella"
"Chromatiales;Woeseia",21,16,"Chromatiales","Woeseia"
"Clostridiales;Acetivibrio",0,1,"Clostridiales","Acetivibrio"
"Clostridiales;Acetobacterium",1,1,"Clostridiales","Acetobacterium"
"Clostridiales;Aminipila",1,0,"Clostridiales","Aminipila"
"Clostridiales;Anaerostipes",2,1,"Clostridiales","Anaerostipes"
"Clostridiales;Blautia",13,9,"Clostridiales","Blautia"
"Clostridiales;Butyricicoccus",2,0,"Clostridiales","Butyricicoccus"
"Clostridiales;Clostridium IV",2,0,"Clostridiales","Clostridium IV"
"Clostridiales;Clostridium XlVa",1,1,"Clostridiales","Clostridium XlVa"
"Clostridiales;Clostridium XlVb",1,0,"Clostridiales","Clostridium XlVb"
"Clostridiales;Clostridium sensu stricto",11,11,"Clostridiales","Clostridium sensu stricto"
"Clostridiales;Colidextribacter",1,1,"Clostridiales","Colidextribacter"
"Clostridiales;Coprococcus",3,2,"Clostridiales","Coprococcus"
"Clostridiales;Dorea",2,2,"Clostridiales","Dorea"
"Clostridiales;Dysosmobacter",2,2,"Clostridiales","Dysosmobacter"
"Clostridiales;Eisenbergiella",2,1,"Clostridiales","Eisenbergiella"
"Clostridiales;Enterocloster",2,0,"Clostridiales","Enterocloster"
"Clostridiales;Faecalibacterium",5,5,"Clostridiales","Faecalibacterium"
"Clostridiales;Flintibacter",3,4,"Clostridiales","Flintibacter"
"Clostridiales;Fusibacter",0,1,"Clostridiales","Fusibacter"
"Clostridiales;Fusicatenibacter",1,1,"Clostridiales","Fusicatenibacter"
"Clostridiales;Gemmiger",1,1,"Clostridiales","Gemmiger"
"Clostridiales;Hathewaya",1,0,"Clostridiales","Hathewaya"
"Clostridiales;Hungatella",1,2,"Clostridiales","Hungatella"
"Clostridiales;Intestinibacillus",1,1,"Clostridiales","Intestinibacillus"
"Clostridiales;Intestinimonas",1,1,"Clostridiales","Intestinimonas"
"Clostridiales;Kineothrix",3,2,"Clostridiales","Kineothrix"
"Clostridiales;Lachnospira",1,2,"Clostridiales","Lachnospira"
"Clostridiales;Lachnospiracea_incertae_sedis",2,0,"Clostridiales","Lachnospiracea_incertae_sedis"
"Clostridiales;Lacrimispora",2,2,"Clostridiales","Lacrimispora"
"Clostridiales;Mediterraneibacter",1,3,"Clostridiales","Mediterraneibacter"
"Clostridiales;Mogibacterium",1,0,"Clostridiales","Mogibacterium"
"Clostridiales;Monoglobus",0,1,"Clostridiales","Monoglobus"
"Clostridiales;Neglecta",1,0,"Clostridiales","Neglecta"
"Clostridiales;Oscillibacter",2,0,"Clostridiales","Oscillibacter"
"Clostridiales;Paeniclostridium",0,1,"Clostridiales","Paeniclostridium"
"Clostridiales;Peptacetobacter",1,1,"Clostridiales","Peptacetobacter"
"Clostridiales;Phocea",1,1,"Clostridiales","Phocea"
"Clostridiales;Proteocatella",0,1,"Clostridiales","Proteocatella"
"Clostridiales;Romboutsia",2,2,"Clostridiales","Romboutsia"
"Clostridiales;Roseburia",4,2,"Clostridiales","Roseburia"
"Clostridiales;Ruminococcus",4,3,"Clostridiales","Ruminococcus"
"Clostridiales;Ruminococcus2",1,1,"Clostridiales","Ruminococcus2"
"Clostridiales;Schaedlerella",3,2,"Clostridiales","Schaedlerella"
"Clostridiales;Sedimentibacter",2,1,"Clostridiales","Sedimentibacter"
"Clostridiales;Sporobacter",1,0,"Clostridiales","Sporobacter"
"Clostridiales;Syntrophomonas",3,2,"Clostridiales","Syntrophomonas"
"Clostridiales;Tissierella",2,2,"Clostridiales","Tissierella"
"Coprothermobacterales;Coprothermobacter",2,2,"Coprothermobacterales","Coprothermobacter"
"Coriobacteriales;Collinsella",1,1,"Coriobacteriales","Collinsella"
"Cytophagales;Algoriphagus",1,0,"Cytophagales","Algoriphagus"
"Cytophagales;Aquirufa",3,4,"Cytophagales","Aquirufa"
"Cytophagales;Arcicella",0,1,"Cytophagales","Arcicella"
"Cytophagales;Aureibacter",0,1,"Cytophagales","Aureibacter"
"Cytophagales;Dyadobacter",1,1,"Cytophagales","Dyadobacter"
"Cytophagales;Emticicia",2,1,"Cytophagales","Emticicia"
"Cytophagales;Flectobacillus",0,1,"Cytophagales","Flectobacillus"
"Cytophagales;Fulvivirga",3,3,"Cytophagales","Fulvivirga"
"Cytophagales;Lacihabitans",1,1,"Cytophagales","Lacihabitans"
"Deferribacterales;Mucispirillum",1,1,"Deferribacterales","Mucispirillum"
"Deltaproteobacteria_incertae_sedis;Deferrisoma",0,1,"Deltaproteobacteria_incertae_sedis","Deferrisoma"
"Desulfobacterales;Desulfatiglans",0,1,"Desulfobacterales","Desulfatiglans"
"Desulfobacterales;Desulfobulbus",4,1,"Desulfobacterales","Desulfobulbus"
"Desulfobacterales;Desulfoconvexum",0,1,"Desulfobacterales","Desulfoconvexum"
"Desulfobacterales;Desulfopila",1,1,"Desulfobacterales","Desulfopila"
"Desulfobacterales;Desulforhopalus",1,0,"Desulfobacterales","Desulforhopalus"
"Desulfobacterales;Desulfosarcina",5,3,"Desulfobacterales","Desulfosarcina"
"Desulfobacterales;Desulfotalea",2,2,"Desulfobacterales","Desulfotalea"
"Desulfovibrionales;Desulfovibrio",2,1,"Desulfovibrionales","Desulfovibrio"
"Desulfuromonadales;Geobacter",1,1,"Desulfuromonadales","Geobacter"
"Desulfuromonadales;Pelobacter",2,1,"Desulfuromonadales","Pelobacter"
"Eggerthellales;Adlercreutzia",1,1,"Eggerthellales","Adlercreutzia"
"Emcibacterales;Emcibacter",3,3,"Emcibacterales","Emcibacter"
"Enterobacterales;Enterobacter",1,1,"Enterobacterales","Enterobacter"
"Enterobacterales;Raoultella",0,1,"Enterobacterales","Raoultella"
"Enterobacterales;Yersinia",1,0,"Enterobacterales","Yersinia"
"Erysipelotrichales;Catenibacterium",1,1,"Erysipelotrichales","Catenibacterium"
"Erysipelotrichales;Clostridium XVIII",1,1,"Erysipelotrichales","Clostridium XVIII"
"Erysipelotrichales;Erysipelatoclostridium",1,1,"Erysipelotrichales","Erysipelatoclostridium"
"Erysipelotrichales;Faecalibacillus",1,2,"Erysipelotrichales","Faecalibacillus"
"Erysipelotrichales;Holdemanella",2,1,"Erysipelotrichales","Holdemanella"
"Erysipelotrichales;Massilimicrobiota",1,2,"Erysipelotrichales","Massilimicrobiota"
"Family II;GpIIa",19,23,"Family II","GpIIa"
"Family II;Prochlorococcus",1,3,"Family II","Prochlorococcus"
"Family XIII;GpXIII",1,1,"Family XIII","GpXIII"
"Family XIII;Planktothrix",1,0,"Family XIII","Planktothrix"
"Flavobacteriales;Actibacter",2,0,"Flavobacteriales","Actibacter"
"Flavobacteriales;Aequorivita",1,0,"Flavobacteriales","Aequorivita"
"Flavobacteriales;Algibacter",7,2,"Flavobacteriales","Algibacter"
"Flavobacteriales;Aquimarina",3,1,"Flavobacteriales","Aquimarina"
"Flavobacteriales;Bizionia",1,0,"Flavobacteriales","Bizionia"
"Flavobacteriales;Brumimicrobium",1,1,"Flavobacteriales","Brumimicrobium"
"Flavobacteriales;Cellulophaga",2,0,"Flavobacteriales","Cellulophaga"
"Flavobacteriales;Chryseobacterium",6,0,"Flavobacteriales","Chryseobacterium"
"Flavobacteriales;Cloacibacterium",2,2,"Flavobacteriales","Cloacibacterium"
"Flavobacteriales;Crocinitomix",11,6,"Flavobacteriales","Crocinitomix"
"Flavobacteriales;Dokdonia",1,0,"Flavobacteriales","Dokdonia"
"Flavobacteriales;Empedobacter",1,0,"Flavobacteriales","Empedobacter"
"Flavobacteriales;Eudoraea",1,0,"Flavobacteriales","Eudoraea"
"Flavobacteriales;Flavicella",2,2,"Flavobacteriales","Flavicella"
"Flavobacteriales;Flavobacterium",97,84,"Flavobacteriales","Flavobacterium"
"Flavobacteriales;Fluviicola",8,5,"Flavobacteriales","Fluviicola"
"Flavobacteriales;Formosa",8,8,"Flavobacteriales","Formosa"
"Flavobacteriales;Gaetbulibacter",1,1,"Flavobacteriales","Gaetbulibacter"
"Flavobacteriales;Lacinutrix",1,0,"Flavobacteriales","Lacinutrix"
"Flavobacteriales;Lutibacter",16,7,"Flavobacteriales","Lutibacter"
"Flavobacteriales;Lutimonas",9,6,"Flavobacteriales","Lutimonas"
"Flavobacteriales;Maribacter",4,3,"Flavobacteriales","Maribacter"
"Flavobacteriales;Owenweeksia",2,2,"Flavobacteriales","Owenweeksia"
"Flavobacteriales;Phaeocystidibacter",1,1,"Flavobacteriales","Phaeocystidibacter"
"Flavobacteriales;Polaribacter",9,7,"Flavobacteriales","Polaribacter"
"Flavobacteriales;Pseudofulvibacter",9,4,"Flavobacteriales","Pseudofulvibacter"
"Flavobacteriales;Saonia",1,0,"Flavobacteriales","Saonia"
"Flavobacteriales;Taeania",1,0,"Flavobacteriales","Taeania"
"Flavobacteriales;Tenacibaculum",8,4,"Flavobacteriales","Tenacibaculum"
"Flavobacteriales;Ulvibacter",7,2,"Flavobacteriales","Ulvibacter"
"Flavobacteriales;Vicingus",14,13,"Flavobacteriales","Vicingus"
"Flavobacteriales;Wenyingzhuangia",3,1,"Flavobacteriales","Wenyingzhuangia"
"Flavobacteriales;Winogradskyella",4,3,"Flavobacteriales","Winogradskyella"
"Flavobacteriales;Zobellia",1,0,"Flavobacteriales","Zobellia"
"Frankiales;Jatrophihabitans",1,0,"Frankiales","Jatrophihabitans"
"Fusobacteriales;Cetobacterium",2,1,"Fusobacteriales","Cetobacterium"
"Fusobacteriales;Fusobacterium",6,5,"Fusobacteriales","Fusobacterium"
"Fusobacteriales;Hypnocyclicus",1,1,"Fusobacteriales","Hypnocyclicus"
"Fusobacteriales;Propionigenium",1,0,"Fusobacteriales","Propionigenium"
"Fusobacteriales;Psychrilyobacter",2,1,"Fusobacteriales","Psychrilyobacter"
"Gaiellales;Gaiella",1,0,"Gaiellales","Gaiella"
"Gammaproteobacteria_incertae_sedis;Candidatus Carsonella",0,1,"Gammaproteobacteria_incertae_sedis","Candidatus Carsonella"
"Gammaproteobacteria_incertae_sedis;Ignatzschineria",0,1,"Gammaproteobacteria_incertae_sedis","Ignatzschineria"
"Gammaproteobacteria_incertae_sedis;Marinicella",1,0,"Gammaproteobacteria_incertae_sedis","Marinicella"
"Gemmatimonadales;Gemmatimonas",2,2,"Gemmatimonadales","Gemmatimonas"
"Gp10;Gp10",9,5,"Gp10","Gp10"
"Gp22;Gp22",1,3,"Gp22","Gp22"
"Gp23;Gp23",9,2,"Gp23","Gp23"
"Gp25;Gp25",0,1,"Gp25","Gp25"
"Gp3;Gp3",2,0,"Gp3","Gp3"
"Gp5;Gp5",3,3,"Gp5","Gp5"
"Gp6;Gp6",19,8,"Gp6","Gp6"
"Gp7;Gp7",1,0,"Gp7","Gp7"
"Holophagales;Geothrix",1,2,"Holophagales","Geothrix"
"Ignavibacteriales;Ignavibacterium",1,2,"Ignavibacteriales","Ignavibacterium"
"Kiritimatiellales;Kiritimatiella",6,3,"Kiritimatiellales","Kiritimatiella"
"Kordiimonadales;Kordiimonas",0,1,"Kordiimonadales","Kordiimonas"
"Lactobacillales;Carnobacterium",2,0,"Lactobacillales","Carnobacterium"
"Lactobacillales;Catellicoccus",1,1,"Lactobacillales","Catellicoccus"
"Lactobacillales;Enterococcus",1,1,"Lactobacillales","Enterococcus"
"Lactobacillales;Lactococcus",1,1,"Lactobacillales","Lactococcus"
"Lactobacillales;Leuconostoc",1,0,"Lactobacillales","Leuconostoc"
"Lactobacillales;Streptococcus",2,1,"Lactobacillales","Streptococcus"
"Lactobacillales;Trichococcus",1,1,"Lactobacillales","Trichococcus"
"Lactobacillales;Weissella",0,1,"Lactobacillales","Weissella"
"Latescibacteria_genera_incertae_sedis;Latescibacteria_genera_incertae_sedis",5,3,"Latescibacteria_genera_incertae_sedis","Latescibacteria_genera_incertae_sedis"
"Legionellales;Aquicella",3,3,"Legionellales","Aquicella"
"Legionellales;Coxiella",25,21,"Legionellales","Coxiella"
"Legionellales;Diplorickettsia",7,4,"Legionellales","Diplorickettsia"
"Legionellales;Legionella",17,18,"Legionellales","Legionella"
"Lentisphaerales;Lentisphaera",10,5,"Lentisphaerales","Lentisphaera"
"Limisphaera;Limisphaera",0,1,"Limisphaera","Limisphaera"
"Marinimicrobia_genera_incertae_sedis;Marinimicrobia_genera_incertae_sedis",29,27,"Marinimicrobia_genera_incertae_sedis","Marinimicrobia_genera_incertae_sedis"
"Mariprofundales;Mariprofundus",1,1,"Mariprofundales","Mariprofundus"
"Methylococcales;Methylobacter",4,4,"Methylococcales","Methylobacter"
"Micrococcales;Aurantimicrobium",1,1,"Micrococcales","Aurantimicrobium"
"Micrococcales;Cellulomonas",1,0,"Micrococcales","Cellulomonas"
"Micrococcales;Cryobacterium",1,0,"Micrococcales","Cryobacterium"
"Micrococcales;Leucobacter",2,2,"Micrococcales","Leucobacter"
"Micrococcales;Microbacterium",1,1,"Micrococcales","Microbacterium"
"Micrococcales;Micrococcus",1,1,"Micrococcales","Micrococcus"
"Micrococcales;Pseudarthrobacter",1,0,"Micrococcales","Pseudarthrobacter"
"Micrococcales;Rhodoluna",14,15,"Micrococcales","Rhodoluna"
"Micrococcales;Subtercola",1,0,"Micrococcales","Subtercola"
"Micropepsales;Micropepsis",2,5,"Micropepsales","Micropepsis"
"Mycobacteriales;Mycobacterium",12,6,"Mycobacteriales","Mycobacterium"
"Myxococcales;Plesiocystis",1,1,"Myxococcales","Plesiocystis"
"Neisseriales;Neisseria",0,1,"Neisseriales","Neisseria"
"Neisseriales;Rivicola",2,2,"Neisseriales","Rivicola"
"Neisseriales;Uruburuella",1,0,"Neisseriales","Uruburuella"
"Neisseriales;Vitreoscilla",1,0,"Neisseriales","Vitreoscilla"
"Neisseriales;Vogesella",0,2,"Neisseriales","Vogesella"
"Nevskiales;Povalibacter",0,1,"Nevskiales","Povalibacter"
"Nitrosomonadales;Gallionella",1,0,"Nitrosomonadales","Gallionella"
"Nitrosomonadales;Georgfuchsia",4,1,"Nitrosomonadales","Georgfuchsia"
"Nitrosomonadales;Methylophilus",3,4,"Nitrosomonadales","Methylophilus"
"Nitrosomonadales;Methylotenera",2,3,"Nitrosomonadales","Methylotenera"
"Nitrosomonadales;Nitrosospira",1,1,"Nitrosomonadales","Nitrosospira"
"Nitrosomonadales;Thiobacillus",1,1,"Nitrosomonadales","Thiobacillus"
"Nitrosopumilales;Nitrosopumilus",52,45,"Nitrosopumilales","Nitrosopumilus"
"Nitrospinales;Nitrospina",68,52,"Nitrospinales","Nitrospina"
"Nitrospirales;Leptospirillum",1,0,"Nitrospirales","Leptospirillum"
"Nitrospirales;Nitrospira",2,2,"Nitrospirales","Nitrospira"
"Oceanospirillales;Endozoicomonas",0,1,"Oceanospirillales","Endozoicomonas"
"Oceanospirillales;Ketobacter",1,0,"Oceanospirillales","Ketobacter"
"Oceanospirillales;Marinomonas",7,3,"Oceanospirillales","Marinomonas"
"Oceanospirillales;Neptunomonas",1,0,"Oceanospirillales","Neptunomonas"
"Oceanospirillales;Pseudohongiella",12,13,"Oceanospirillales","Pseudohongiella"
"Oceanospirillales;Spongiispira",1,1,"Oceanospirillales","Spongiispira"
"Oligoflexales;Pseudobacteriovorax",1,1,"Oligoflexales","Pseudobacteriovorax"
"Oligosphaerales;Oligosphaera",0,1,"Oligosphaerales","Oligosphaera"
"Opitutales;Cephaloticoccus",1,1,"Opitutales","Cephaloticoccus"
"Opitutales;Lacunisphaera",1,2,"Opitutales","Lacunisphaera"
"Opitutales;Oleiharenicola",1,1,"Opitutales","Oleiharenicola"
"Pacearchaeota Incertae Sedis AR13;Pacearchaeota Incertae Sedis AR13",3,5,"Pacearchaeota Incertae Sedis AR13","Pacearchaeota Incertae Sedis AR13"
"Pasteurellales;Actinobacillus",1,0,"Pasteurellales","Actinobacillus"
"Pasteurellales;Mannheimia",1,0,"Pasteurellales","Mannheimia"
"Petrotogales;Defluviitoga",1,1,"Petrotogales","Defluviitoga"
"Phycisphaerales;Phycisphaera",1,0,"Phycisphaerales","Phycisphaera"
"Pirellulales;Blastopirellula",2,1,"Pirellulales","Blastopirellula"
"Pirellulales;Lacipirellula",6,6,"Pirellulales","Lacipirellula"
"Pirellulales;Mariniblastus",14,9,"Pirellulales","Mariniblastus"
"Pirellulales;Rhodopirellula",3,1,"Pirellulales","Rhodopirellula"
"Pirellulales;Rubripirellula",1,1,"Pirellulales","Rubripirellula"
"Pirellulales;Thermostilla",1,0,"Pirellulales","Thermostilla"
"Planctomycetales;Fimbriiglobus",0,1,"Planctomycetales","Fimbriiglobus"
"Planctomycetales;Gemmata",0,1,"Planctomycetales","Gemmata"
"Planctomycetales;Gimesia",2,2,"Planctomycetales","Gimesia"
"Planctomycetales;Planctomicrobium",1,1,"Planctomycetales","Planctomicrobium"
"Planctomycetales;Planctopirus",0,1,"Planctomycetales","Planctopirus"
"Planctomycetales;Schlesneria",3,2,"Planctomycetales","Schlesneria"
"Planctomycetales;Singulisphaera",1,1,"Planctomycetales","Singulisphaera"
"Planctomycetales;Tundrisphaera",1,1,"Planctomycetales","Tundrisphaera"
"Planctomycetales;Zavarzinella",0,2,"Planctomycetales","Zavarzinella"
"Poales;Zea",1,1,"Poales","Zea"
"Propionibacteriales;Cutibacterium",1,1,"Propionibacteriales","Cutibacterium"
"Propionibacteriales;Marmoricola",0,1,"Propionibacteriales","Marmoricola"
"Propionibacteriales;Nocardioides",0,1,"Propionibacteriales","Nocardioides"
"Pseudomonadales;Acinetobacter",9,11,"Pseudomonadales","Acinetobacter"
"Pseudomonadales;Agitococcus",1,0,"Pseudomonadales","Agitococcus"
"Pseudomonadales;Moraxella",0,1,"Pseudomonadales","Moraxella"
"Pseudomonadales;Pseudomonas",15,13,"Pseudomonadales","Pseudomonas"
"Pseudomonadales;Psychrobacter",2,3,"Pseudomonadales","Psychrobacter"
"Pseudonocardiales;Pseudonocardia",1,0,"Pseudonocardiales","Pseudonocardia"
"Puniceicoccales;Coraliomargarita",10,9,"Puniceicoccales","Coraliomargarita"
"Puniceicoccales;Pelagicoccus",1,1,"Puniceicoccales","Pelagicoccus"
"Puniceicoccales;Ruficoccus",3,2,"Puniceicoccales","Ruficoccus"
"Rhizobiales;Ahrensia",1,0,"Rhizobiales","Ahrensia"
"Rhizobiales;Allorhizobium",1,1,"Rhizobiales","Allorhizobium"
"Rhizobiales;Ancylobacter",5,4,"Rhizobiales","Ancylobacter"
"Rhizobiales;Anderseniella",1,0,"Rhizobiales","Anderseniella"
"Rhizobiales;Bauldia",1,0,"Rhizobiales","Bauldia"
"Rhizobiales;Beijerinckia",2,2,"Rhizobiales","Beijerinckia"
"Rhizobiales;Bradyrhizobium",2,3,"Rhizobiales","Bradyrhizobium"
"Rhizobiales;Devosia",5,3,"Rhizobiales","Devosia"
"Rhizobiales;Hoeflea",3,1,"Rhizobiales","Hoeflea"
"Rhizobiales;Hyphomicrobium",5,3,"Rhizobiales","Hyphomicrobium"
"Rhizobiales;Kaistia",1,1,"Rhizobiales","Kaistia"
"Rhizobiales;Lentilitoribacter",3,2,"Rhizobiales","Lentilitoribacter"
"Rhizobiales;Mesorhizobium",0,3,"Rhizobiales","Mesorhizobium"
"Rhizobiales;Methylobacterium",1,0,"Rhizobiales","Methylobacterium"
"Rhizobiales;Methyloceanibacter",1,1,"Rhizobiales","Methyloceanibacter"
"Rhizobiales;Methylocella",0,1,"Rhizobiales","Methylocella"
"Rhizobiales;Methylocystis",1,0,"Rhizobiales","Methylocystis"
"Rhizobiales;Parvibaculum",1,1,"Rhizobiales","Parvibaculum"
"Rhizobiales;Pedomicrobium",2,1,"Rhizobiales","Pedomicrobium"
"Rhizobiales;Prosthecomicrobium",1,0,"Rhizobiales","Prosthecomicrobium"
"Rhizobiales;Pseudahrensia",6,2,"Rhizobiales","Pseudahrensia"
"Rhizobiales;Pseudolabrys",2,2,"Rhizobiales","Pseudolabrys"
"Rhizobiales;Rhizobium",2,3,"Rhizobiales","Rhizobium"
"Rhizobiales;Rhodopseudomonas",1,1,"Rhizobiales","Rhodopseudomonas"
"Rhizobiales;Shinella",1,0,"Rhizobiales","Shinella"
"Rhizobiales;Xanthobacter",3,3,"Rhizobiales","Xanthobacter"
"Rhodobacterales;Amaricoccus",2,0,"Rhodobacterales","Amaricoccus"
"Rhodobacterales;Amylibacter",3,3,"Rhodobacterales","Amylibacter"
"Rhodobacterales;Celeribacter",1,1,"Rhodobacterales","Celeribacter"
"Rhodobacterales;Cypionkella",2,2,"Rhodobacterales","Cypionkella"
"Rhodobacterales;Epibacterium",1,0,"Rhodobacterales","Epibacterium"
"Rhodobacterales;Gemmobacter",0,1,"Rhodobacterales","Gemmobacter"
"Rhodobacterales;Halocynthiibacter",1,1,"Rhodobacterales","Halocynthiibacter"
"Rhodobacterales;Litoreibacter",5,4,"Rhodobacterales","Litoreibacter"
"Rhodobacterales;Loktanella",2,0,"Rhodobacterales","Loktanella"
"Rhodobacterales;Nereida",1,1,"Rhodobacterales","Nereida"
"Rhodobacterales;Octadecabacter",1,1,"Rhodobacterales","Octadecabacter"
"Rhodobacterales;Planktomarina",1,0,"Rhodobacterales","Planktomarina"
"Rhodobacterales;Roseovarius",1,2,"Rhodobacterales","Roseovarius"
"Rhodobacterales;Rubellimicrobium",1,0,"Rhodobacterales","Rubellimicrobium"
"Rhodobacterales;Ruegeria",0,1,"Rhodobacterales","Ruegeria"
"Rhodobacterales;Shimia",1,0,"Rhodobacterales","Shimia"
"Rhodobacterales;Sulfitobacter",7,6,"Rhodobacterales","Sulfitobacter"
"Rhodobacterales;Thalassobius",1,2,"Rhodobacterales","Thalassobius"
"Rhodobacterales;Yoonia",4,4,"Rhodobacterales","Yoonia"
"Rhodocyclales;Dechloromonas",3,0,"Rhodocyclales","Dechloromonas"
"Rhodocyclales;Ferribacterium",1,1,"Rhodocyclales","Ferribacterium"
"Rhodocyclales;Propionivibrio",1,0,"Rhodocyclales","Propionivibrio"
"Rhodocyclales;Thauera",1,1,"Rhodocyclales","Thauera"
"Rhodocyclales;Uliginosibacterium",1,0,"Rhodocyclales","Uliginosibacterium"
"Rhodocyclales;Zoogloea",3,4,"Rhodocyclales","Zoogloea"
"Rhodospirillales;Acidocella",1,1,"Rhodospirillales","Acidocella"
"Rhodospirillales;Nisaea",6,4,"Rhodospirillales","Nisaea"
"Rhodospirillales;Reyranella",3,5,"Rhodospirillales","Reyranella"
"Rhodospirillales;Rhodovarius",1,1,"Rhodospirillales","Rhodovarius"
"Rhodospirillales;Roseomonas",0,2,"Rhodospirillales","Roseomonas"
"Rhodospirillales;Thalassobaculum",1,1,"Rhodospirillales","Thalassobaculum"
"Rhodospirillales;Varunaivibrio",1,1,"Rhodospirillales","Varunaivibrio"
"Rhodothermales;Roseithermus",1,1,"Rhodothermales","Roseithermus"
"Rickettsiales;Occidentia",2,2,"Rickettsiales","Occidentia"
"Rickettsiales;Rickettsia",1,1,"Rickettsiales","Rickettsia"
"SAR11;Candidatus Pelagibacter",240,203,"SAR11","Candidatus Pelagibacter"
"Saccharibacteria_genera_incertae_sedis;Saccharibacteria_genera_incertae_sedis",4,2,"Saccharibacteria_genera_incertae_sedis","Saccharibacteria_genera_incertae_sedis"
"Saprospirales;Aureispira",9,9,"Saprospirales","Aureispira"
"Saprospirales;Flavilitoribacter",5,4,"Saprospirales","Flavilitoribacter"
"Saprospirales;Haliscomenobacter",0,1,"Saprospirales","Haliscomenobacter"
"Saprospirales;Phaeodactylibacter",0,1,"Saprospirales","Phaeodactylibacter"
"Sedimentisphaerales;Anaerohalosphaera",5,2,"Sedimentisphaerales","Anaerohalosphaera"
"Selenomonadales;Anaeroarcus",0,1,"Selenomonadales","Anaeroarcus"
"Selenomonadales;Anaerosinus",1,1,"Selenomonadales","Anaerosinus"
"Selenomonadales;Megamonas",2,2,"Selenomonadales","Megamonas"
"Selenomonadales;Pelosinus",2,2,"Selenomonadales","Pelosinus"
"Selenomonadales;Selenomonas",1,1,"Selenomonadales","Selenomonas"
"Spartobacteria_genera_incertae_sedis;Spartobacteria_genera_incertae_sedis",6,3,"Spartobacteria_genera_incertae_sedis","Spartobacteria_genera_incertae_sedis"
"Sphingobacteriales;Daejeonella",0,2,"Sphingobacteriales","Daejeonella"
"Sphingobacteriales;Mucilaginibacter",4,1,"Sphingobacteriales","Mucilaginibacter"
"Sphingobacteriales;Pedobacter",8,6,"Sphingobacteriales","Pedobacter"
"Sphingomonadales;Altererythrobacter",1,0,"Sphingomonadales","Altererythrobacter"
"Sphingomonadales;Erythrobacter",1,1,"Sphingomonadales","Erythrobacter"
"Sphingomonadales;Novosphingobium",14,9,"Sphingomonadales","Novosphingobium"
"Sphingomonadales;Parasphingopyxis",1,0,"Sphingomonadales","Parasphingopyxis"
"Sphingomonadales;Polymorphobacter",1,0,"Sphingomonadales","Polymorphobacter"
"Sphingomonadales;Sphingobium",2,1,"Sphingomonadales","Sphingobium"
"Sphingomonadales;Sphingomonas",5,6,"Sphingomonadales","Sphingomonas"
"Sphingomonadales;Sphingorhabdus",7,6,"Sphingomonadales","Sphingorhabdus"
"Spirochaetales;Pleomorphochaeta",1,0,"Spirochaetales","Pleomorphochaeta"
"Sporichthyales;Longivirga",2,2,"Sporichthyales","Longivirga"
"Streptosporangiales;Actinoallomurus",1,0,"Streptosporangiales","Actinoallomurus"
"Subdivision3_genera_incertae_sedis;Subdivision3_genera_incertae_sedis",8,8,"Subdivision3_genera_incertae_sedis","Subdivision3_genera_incertae_sedis"
"Synergistales;Acetomicrobium",2,2,"Synergistales","Acetomicrobium"
"Synergistales;Cloacibacillus",1,0,"Synergistales","Cloacibacillus"
"Terrimicrobiales;Terrimicrobium",1,0,"Terrimicrobiales","Terrimicrobium"
"Thermotogales;Fervidobacterium",1,0,"Thermotogales","Fervidobacterium"
"Thiotrichales;Cocleimonas",0,1,"Thiotrichales","Cocleimonas"
"Thiotrichales;Cysteiniphilum",2,1,"Thiotrichales","Cysteiniphilum"
"Thiotrichales;Francisella",0,1,"Thiotrichales","Francisella"
"Thiotrichales;Leucothrix",6,0,"Thiotrichales","Leucothrix"
"Thiotrichales;Thiomicrorhabdus",2,0,"Thiotrichales","Thiomicrorhabdus"
"Thiotrichales;Thiothrix",2,2,"Thiotrichales","Thiothrix"
"Veillonellales;Dialister",3,1,"Veillonellales","Dialister"
"Verrucomicrobiales;Akkermansia",1,1,"Verrucomicrobiales","Akkermansia"
"Verrucomicrobiales;Luteolibacter",1,1,"Verrucomicrobiales","Luteolibacter"
"Verrucomicrobiales;Rubritalea",15,11,"Verrucomicrobiales","Rubritalea"
"Vibrionales;Aliivibrio",2,2,"Vibrionales","Aliivibrio"
"Vibrionales;Catenococcus",0,1,"Vibrionales","Catenococcus"
"Vibrionales;Photobacterium",1,1,"Vibrionales","Photobacterium"
"Vibrionales;Vibrio",6,2,"Vibrionales","Vibrio"
"Vicinamibacterales;Luteitalea",0,1,"Vicinamibacterales","Luteitalea"
"WPS-2_genera_incertae_sedis;WPS-2_genera_incertae_sedis",2,0,"WPS-2_genera_incertae_sedis","WPS-2_genera_incertae_sedis"
"Woesearchaeota Incertae Sedis AR16;Woesearchaeota Incertae Sedis AR16",2,0,"Woesearchaeota Incertae Sedis AR16","Woesearchaeota Incertae Sedis AR16"
"Xanthomonadales;Arenimonas",5,1,"Xanthomonadales","Arenimonas"
"Xanthomonadales;Luteimonas",1,0,"Xanthomonadales","Luteimonas"
"Xanthomonadales;Rhodanobacter",1,0,"Xanthomonadales","Rhodanobacter"
"Xanthomonadales;Stenotrophomonas",1,1,"Xanthomonadales","Stenotrophomonas"
"Xanthomonadales;Xanthomonas",1,0,"Xanthomonadales","Xanthomonas"
